suite,query_name,mode,disable_zonemap,disable_segment_zonemap,disable_sketch,runs,avg_total_time_s,avg_row_groups_pruned_by_zonemap,avg_segments_pruned_by_zonemap,avg_segments_pruned_by_sketch,avg_vectors_processed
ndv_predicates,high_between,full,false,false,false,10,0.005110,59.000000,0.000000,1117.000000,263.000000
ndv_predicates,high_between,none,true,true,true,10,0.024600,0.000000,0.000000,0.000000,4883.000000
ndv_predicates,high_between,rowgroup_only,false,true,true,10,0.006350,59.000000,0.000000,0.000000,1380.000000
ndv_predicates,high_between,rowgroup_plus_segment_zonemap,false,false,true,10,0.006460,59.000000,0.000000,0.000000,1380.000000
ndv_predicates,high_between,rowgroup_plus_sketch,false,true,false,10,0.004590,59.000000,0.000000,1117.000000,263.000000
ndv_predicates,high_between,sketch_only,true,true,false,10,0.016850,0.000000,0.000000,4620.000000,264.000000
ndv_predicates,high_between,zonemap_only,false,false,true,10,0.007530,59.000000,0.000000,0.000000,1380.000000
ndv_predicates,high_conjunct,full,false,false,false,10,0.008730,59.000000,0.000000,1117.000000,263.000000
ndv_predicates,high_conjunct,none,true,true,true,10,0.086060,0.000000,0.000000,0.000000,4883.000000
ndv_predicates,high_conjunct,rowgroup_only,false,true,true,10,0.023720,59.000000,0.000000,0.000000,1380.000000
ndv_predicates,high_conjunct,rowgroup_plus_segment_zonemap,false,false,true,10,0.025980,59.000000,0.000000,0.000000,1380.000000
ndv_predicates,high_conjunct,rowgroup_plus_sketch,false,true,false,10,0.008020,59.000000,0.000000,1117.000000,263.000000
ndv_predicates,high_conjunct,sketch_only,true,true,false,5,0.019500,0.000000,0.000000,4620.000000,264.000000
ndv_predicates,high_conjunct,zonemap_only,false,false,true,10,0.025390,59.000000,0.000000,0.000000,1380.000000
ndv_predicates,high_eq,full,false,false,false,10,0.002240,63.000000,0.000000,0.000000,1140.000000
ndv_predicates,high_eq,none,true,true,true,10,0.017820,0.000000,0.000000,0.000000,4883.000000
ndv_predicates,high_eq,rowgroup_only,false,true,true,10,0.003940,63.000000,0.000000,0.000000,1140.000000
ndv_predicates,high_eq,rowgroup_plus_segment_zonemap,false,false,true,10,0.004100,63.000000,0.000000,0.000000,1140.000000
ndv_predicates,high_eq,rowgroup_plus_sketch,false,true,false,10,0.002090,63.000000,0.000000,0.000000,1140.000000
ndv_predicates,high_eq,sketch_only,true,true,false,10,0.008610,0.000000,0.000000,0.000000,4883.000000
ndv_predicates,high_eq,zonemap_only,false,false,true,10,0.004150,63.000000,0.000000,0.000000,1140.000000
ndv_predicates,high_lt,full,false,false,false,10,0.007090,57.000000,0.000000,514.000000,986.000000
ndv_predicates,high_lt,none,true,true,true,10,0.016770,0.000000,0.000000,0.000000,4883.000000
ndv_predicates,high_lt,rowgroup_only,false,true,true,10,0.005580,57.000000,0.000000,0.000000,1500.000000
ndv_predicates,high_lt,rowgroup_plus_segment_zonemap,false,false,true,10,0.005710,57.000000,0.000000,0.000000,1500.000000
ndv_predicates,high_lt,rowgroup_plus_sketch,false,true,false,10,0.006450,57.000000,0.000000,514.000000,986.000000
ndv_predicates,high_lt,sketch_only,true,true,false,10,0.007650,0.000000,0.000000,3897.000000,987.000000
ndv_predicates,high_lt,zonemap_only,false,false,true,10,0.005780,57.000000,0.000000,0.000000,1500.000000
ndv_predicates,low_between,full,false,false,false,10,0.072480,0.000000,0.000000,0.000000,4883.000000
ndv_predicates,low_between,none,true,true,true,10,0.038510,0.000000,0.000000,0.000000,4883.000000
ndv_predicates,low_between,rowgroup_only,false,true,true,10,0.036120,0.000000,0.000000,0.000000,4883.000000
ndv_predicates,low_between,rowgroup_plus_segment_zonemap,false,false,true,10,0.036030,0.000000,0.000000,0.000000,4883.000000
ndv_predicates,low_between,rowgroup_plus_sketch,false,true,false,10,0.066970,0.000000,0.000000,0.000000,4883.000000
ndv_predicates,low_between,sketch_only,true,true,false,10,0.073030,0.000000,0.000000,0.000000,4883.000000
ndv_predicates,low_between,zonemap_only,false,false,true,10,0.037000,0.000000,0.000000,0.000000,4883.000000
ndv_predicates,low_conjunct,full,false,false,false,10,0.158400,0.000000,0.000000,0.000000,4883.000000
ndv_predicates,low_conjunct,none,true,true,true,10,0.067880,0.000000,0.000000,0.000000,4883.000000
ndv_predicates,low_conjunct,rowgroup_only,false,true,true,10,0.058350,0.000000,0.000000,0.000000,4883.000000
ndv_predicates,low_conjunct,rowgroup_plus_segment_zonemap,false,false,true,10,0.063950,0.000000,0.000000,0.000000,4883.000000
ndv_predicates,low_conjunct,rowgroup_plus_sketch,false,true,false,10,0.140500,0.000000,0.000000,0.000000,4883.000000
ndv_predicates,low_conjunct,sketch_only,true,true,false,10,0.137300,0.000000,0.000000,0.000000,4883.000000
ndv_predicates,low_conjunct,zonemap_only,false,false,true,10,0.061400,0.000000,0.000000,0.000000,4883.000000
ndv_predicates,low_eq,full,false,false,false,10,0.017840,0.000000,0.000000,0.000000,4883.000000
ndv_predicates,low_eq,none,true,true,true,10,0.027020,0.000000,0.000000,0.000000,4883.000000
ndv_predicates,low_eq,rowgroup_only,false,true,true,10,0.027370,0.000000,0.000000,0.000000,4883.000000
ndv_predicates,low_eq,rowgroup_plus_segment_zonemap,false,false,true,10,0.027490,0.000000,0.000000,0.000000,4883.000000
ndv_predicates,low_eq,rowgroup_plus_sketch,false,true,false,10,0.017150,0.000000,0.000000,0.000000,4883.000000
ndv_predicates,low_eq,sketch_only,true,true,false,10,0.017460,0.000000,0.000000,0.000000,4883.000000
ndv_predicates,low_eq,zonemap_only,false,false,true,10,0.028850,0.000000,0.000000,0.000000,4883.000000
ndv_predicates,low_lt,full,false,false,false,10,0.052060,0.000000,0.000000,0.000000,4883.000000
ndv_predicates,low_lt,none,true,true,true,10,0.027420,0.000000,0.000000,0.000000,4883.000000
ndv_predicates,low_lt,rowgroup_only,false,true,true,10,0.027120,0.000000,0.000000,0.000000,4883.000000
ndv_predicates,low_lt,rowgroup_plus_segment_zonemap,false,false,true,10,0.027700,0.000000,0.000000,0.000000,4883.000000
ndv_predicates,low_lt,rowgroup_plus_sketch,false,true,false,10,0.047010,0.000000,0.000000,0.000000,4883.000000
ndv_predicates,low_lt,sketch_only,true,true,false,10,0.049410,0.000000,0.000000,0.000000,4883.000000
ndv_predicates,low_lt,zonemap_only,false,false,true,10,0.027800,0.000000,0.000000,0.000000,4883.000000
ndv_predicates,medium_between,full,false,false,false,10,0.038400,0.000000,0.000000,2649.000000,2235.000000
ndv_predicates,medium_between,none,true,true,true,10,0.034780,0.000000,0.000000,0.000000,4883.000000
ndv_predicates,medium_between,rowgroup_only,false,true,true,10,0.026960,0.000000,0.000000,0.000000,4883.000000
ndv_predicates,medium_between,rowgroup_plus_segment_zonemap,false,false,true,10,0.027830,0.000000,0.000000,0.000000,4883.000000
ndv_predicates,medium_between,rowgroup_plus_sketch,false,true,false,10,0.036270,0.000000,0.000000,2649.000000,2235.000000
ndv_predicates,medium_between,sketch_only,true,true,false,10,0.046090,0.000000,0.000000,2649.000000,2235.000000
ndv_predicates,medium_between,zonemap_only,false,false,true,10,0.027340,0.000000,0.000000,0.000000,4883.000000
ndv_predicates,medium_conjunct,full,false,false,false,4,0.066050,0.000000,0.000000,2649.000000,2235.000000
ndv_predicates,medium_conjunct,none,true,true,true,10,0.060120,0.000000,0.000000,0.000000,4883.000000
ndv_predicates,medium_conjunct,rowgroup_only,false,true,true,10,0.045650,0.000000,0.000000,0.000000,4883.000000
ndv_predicates,medium_conjunct,rowgroup_plus_segment_zonemap,false,false,true,10,0.045100,0.000000,0.000000,0.000000,4883.000000
ndv_predicates,medium_conjunct,rowgroup_plus_sketch,false,true,false,3,0.073467,0.000000,0.000000,2649.000000,2235.000000
ndv_predicates,medium_conjunct,sketch_only,true,true,false,3,0.068300,0.000000,0.000000,2649.000000,2235.000000
ndv_predicates,medium_conjunct,zonemap_only,false,false,true,10,0.047590,0.000000,0.000000,0.000000,4883.000000
ndv_predicates,medium_eq,full,false,false,false,10,0.010750,0.000000,0.000000,0.000000,4883.000000
ndv_predicates,medium_eq,none,true,true,true,10,0.024050,0.000000,0.000000,0.000000,4883.000000
ndv_predicates,medium_eq,rowgroup_only,false,true,true,10,0.019190,0.000000,0.000000,0.000000,4883.000000
ndv_predicates,medium_eq,rowgroup_plus_segment_zonemap,false,false,true,10,0.019010,0.000000,0.000000,0.000000,4883.000000
ndv_predicates,medium_eq,rowgroup_plus_sketch,false,true,false,10,0.010370,0.000000,0.000000,0.000000,4883.000000
ndv_predicates,medium_eq,sketch_only,true,true,false,10,0.012010,0.000000,0.000000,0.000000,4883.000000
ndv_predicates,medium_eq,zonemap_only,false,false,true,10,0.019490,0.000000,0.000000,0.000000,4883.000000
ndv_predicates,medium_lt,full,false,false,false,10,0.019460,0.000000,0.000000,2915.000000,1969.000000
ndv_predicates,medium_lt,none,true,true,true,10,0.028400,0.000000,0.000000,0.000000,4883.000000
ndv_predicates,medium_lt,rowgroup_only,false,true,true,10,0.018960,0.000000,0.000000,0.000000,4883.000000
ndv_predicates,medium_lt,rowgroup_plus_segment_zonemap,false,false,true,10,0.019530,0.000000,0.000000,0.000000,4883.000000
ndv_predicates,medium_lt,rowgroup_plus_sketch,false,true,false,10,0.021530,0.000000,0.000000,2915.000000,1969.000000
ndv_predicates,medium_lt,sketch_only,true,true,false,10,0.023640,0.000000,0.000000,2915.000000,1969.000000
ndv_predicates,medium_lt,zonemap_only,false,false,true,10,0.020620,0.000000,0.000000,0.000000,4883.000000
